id,start_moment,end_moment,need_id
101,2016/03/20 17:30:0,2016/03/20 19:0:0,38
102,2016/03/21 17:30:0,2016/03/20 19:0:0,38
103,2016/03/22 17:30:0,2016/03/20 19:0:0,38
104,2016/03/25 16:0:0,2016/03/20 17:30:0,38
105,2016/03/24 17:30:0,2016/03/20 19:0:0,38
106,2016/03/25 16:0:0,2016/03/20 17:30:0,38
107,2016/03/26 17:30:0,2016/03/20 19:0:0,38
108,"2013/12/31 20:0:0","2013/12/31 22:0:0",41
109,"2016/01/08 10:0:0","2016/01/08 21:0:0",43
110,"2016/04/05 18:30","2016/04/05 19:30",37
111,"2016/04/06 18:30","2016/04/05 19:30",37
112,"2016/05/05 18:0","2016/04/05 19:0",37
113,"2016/05/05 18:0","2016/04/05 19:0",37
